"","agente","rol"
"1","Alejandro Obregón","artista"
"2","Lucy Tejada","artista"
"3","Mireya Zawadzki","presentador-artista"
"4","Yesid Montaña","artista"
"5","Hernando Tejada","artista"
"6","María Teresa de Patiño","artista"
"7","Jorge Elías Triana","artista"
"8","Carlos Correa","artista"
"9","José María Vidal","artista"
"10","Mona Mondineu","artista"
"11","Hernán Muñoz","artista"
"12","Alfonso Vinasco","artista"
"13","Mario Roldán","artista"
"14","Carlos Ruiz","artista"
"15","Julio Abril","presentador-artista"
"16","Hernando Salazar","artista"
"17","Carlos Rojas","artista"
"18","Ómar Rayo","artista"
"19","Dicken Castro","artista"
"20","José de Rokha","artista"
"21","José Luis de Figueroa","artista"
"22","Aníbal Gil","artista"
"23","María Thereza Negreiros","artista"
"24","Emilia Uribe de Mejía","artista"
"25","María Thereza de patiño","artista"
"26","David Manzur","artista"
"27","Leandro Velasco","artista"
"28","Adriano Moreno","artista"
"29","Fritz Seifert","artista"
"30","","artista"
"31","Elio Berhanyer","artista"
"32","Saúl Balagura","artista"
"33","Eduardo Mac Entyre","artista"
"34","Leonel Góngora","artista"
"35","Yutaka Toyota","artista"
"36","María de la Paz Jaramillo","curador-artista"
"37","Aloysio Magalhaes","artista"
"38","Anna Bella Geiger","artista"
"39","Anna Letycia Quadros","artista"
"40","Anna María Maiolino","artista"
"41","Arcangelo Ianelli","artista"
"42","Darel Valenca","artista"
"43","Eduardo Cruz","artista"
"44","Iazid Thame","artista"
"45","Ivan Freitas","artista"
"46","Leda Watson","artista"
"47","Luiz Aquila da Rocha","artista"
"48","Márcia Barrozo do Amaral","artista"
"49","María do Carmo Secco","artista"
"50","Maia Lúcia Luz","artista"
"51","María Tomaselli Cirne","artista"
"52","Marília Rodrigues","artista"
"53","Osmar Fonseca","artista"
"54","Paulo Roberto Leal","artista"
"55","Roberto Aguilar","artista"
"56","Roberto De Lamonica","artista"
"57","Rogério Luz","artista"
"58","Tancredo De Araújo","artista"
"59","Thereza Miranda","artista"
"60","Thomaz Ianelli","artista"
"61","Tomie Ohtake","artista"
"62","Vera Chaves Barcellos","artista"
"63","Vinicio Horta","artista"
"64","Wanda Pimentel","artista"
"65","Jairo Téllez","artista"
"66","Édgar Álvarez","artista"
"67","Óscar Muñoz","curador-artista"
"68","Beatriz González","artista"
"69","Alfredo Guerrero","artista"
"70","Sara Modiano","artista"
"71","Homero Aguilar","artista"
"72","John Thomas Biggers","artista"
"73","Camille Billops","artista"
"74","Robert Blackburn","artista"
"75","Caroline M Byard","artista"
"76","Eldzier Cortor","artista"
"77","Juanit Cribb","artista"
"78","Allan Edmunds","artista"
"79","David Hammons","artista"
"80","Bill Harris","artista"
"81","Leo NathanielHicks","artista"
"82","Barbara Jones","artista"
"83","Wiston Kennedy","artista"
"84","Talita Long","artista"
"85","Percy Martin","artista"
"86","Valerie Maynard","artista"
"87","Lloyd McNeill","artista"
"88","Otto Neals","artista"
"89","Nefertiti","artista"
"90","James E. Newton","artista"
"91","Stephanie E. Pogue","artista"
"92","Joseph Ross Jr.","artista"
"93","John Scott","artista"
"94","George Smith","artista"
"95","Lou Stovall","artista"
"96","James Wells","artista"
"97","Charles White","artista"
"98","Wendy Wilson","artista"
"99","John Michael Armleder","artista"
"100","Anton Bruhin","artista"
"101","Luciano Castelli","artista"
"102","Bignia Corradini","artista"
"103","Martin Disler","artista"
"104","Markus Dulk","artista"
"105","Maríanne Eigenheer","artista"
"106","Helmut Federle","artista"
"107","Pierre Keller","curador-artista"
"108","Heiner Kielholz","artista"
"109","Lis Kocher","artista"
"110","Urs Luthi","artista"
"111","Chasper Otto Melcher","artista"
"112","Markus Raetz","artista"
"113","Claude Sandoz","artista"
"114","Alex Silber","artista"
"115","Urs Stoss","artista"
"116","Hanna Villiger","artista"
"117","Rolf Winnewiser","artista"
"118","René Zäch","artista"
"119","David Becker","artista"
"120","Juan Fresan","artista"
"121","Susy Iglicki","artista"
"122","Mario Toral","artista"
"123","Ricardo Gómez Campuzano","artista"
"124","José Domingo Rodríguez","artista"
"125","Rómulo Rozo","artista"
"126","Luis Alberto Acuña","artista"
"127","Ignacio Gómez Jaramillo","artista"
"128","Sergio Trujillo Magnenat","artista"
"129","Gonzalo Ariza","artista"
"130","Alipio Jaramillo","artista"
"131","Ramón Barba","artista"
"132","Rosa de Viterbo","artista"
"133","Pedro Nel Gómez","artista"
"134","Robert Kipniss","artista"
"135","Will Barnet","artista"
"136","Warrington Colescott","artista"
"137","Kenjilao Nanao","artista"
"138","Adolfo Bernal","artista"
"139","Javier Barrios","artista"
"140","Alicia Barney","artista"
"141","Antonio Caro","artista"
"142","Rodrigo Castaño","artista"
"143","Fernando Cepeda","artista"
"144","Ramiro Gómez","artista"
"145","Luis Fernando García","artista"
"146","Álvaro Herazo","artista"
"147","Eduardo Hernández","artista"
"148","Raúl Marroquín","artista"
"149","Geo Ripley","artista"
"150","María Rodríguez","artista"
"151","Jorge Ortiz","artista"
"152","Víctor Sánchez","artista"
"153","Argemiro Vélez","artista"
"154","Jorge Mario Gómez","artista"
"155","Patricia Gómez","artista"
"156","Fabio Antonio Ramírez","artista"
"157","Pedro Alcántara Herrán","artista"
"158","Marta Lacorazza","artista"
"159","Jorge Drosten","artista"
"160","Julián Castellanos","artista"
"161","Becky Mayer","artista"
"162","Patricia Bonilla","artista"
"163","Julián Posada","artista"
"164","Beatriz Jaramillo","artista"
"165","Camilo Velásquez","artista"
"166","Ary Brizzi","artista"
"167","Geny Dignac","artista"
"168","Julio Le Parc","artista"
"169","Gabriel Messil","artista"
"170","Rogelio Polesello","artista"
"171","Carlos Cruz-Diez","artista"
"172","Gertrud Goldschmidt","artista"
"173","Mateo Manaure","artista"
"174","Alejandro Otero","artista"
"175","Jesús Soto","artista"
"176","Víctor Varela","artista"
"177","Carmen Aldunate","artista"
"178","José Bartoli","artista"
"179","Feliciano Bejar","artista"
"180","Leonora Carrington","artista"
"181","Alfredo Castañeda","artista"
"182","Arnaldo Coen","artista"
"183","Pedro Coronel","artista"
"184","Rafael Coronel","artista"
"185","Francisco Corzas","artista"
"186","José Luis Cuevas","artista"
"187","Roberto Donis","artista"
"188","Helen Escobedo","artista"
"189","Manuel Felguérez","artista"
"190","Pedro Friedeberg","artista"
"191","Fernando García Ponce","artista"
"192","Alberto Gironella","artista"
"193","Mathias Goeritz","artista"
"194","Luis López Loza","artista"
"195","Teodoro Maoz","artista"
"196","Jesús Martínez","artista"
"197","Ignacio Miranda","artista"
"198","Brian Nissen","artista"
"199","Emilio Ortiz","artista"
"200","Antonio Peláez","artista"
"201","José Guadalupe Posada","artista"
"202","Ricardo Rocha","artista"
"203","Vicente Rojo","artista"
"204","Nunik Sauret","artista"
"205","David Alfaro Siqueiros","artista"
"206","Juan Soriano","artista"
"207","Rufino Tamayo","artista"
"208","Francisco Toledo","artista"
"209","Francisco Zúñiga","artista"
"210","Ever Astudillo","artista"
"211","Antonio Barrera","artista"
"212","Santiago Cárdenas","artista"
"213","Gregorio Cuartas","artista"
"214","Óscar Jaramillo","artista"
"215","Darío Morales","artista"
"216","Saturnino Ramírez","artista"
"217","Javier Restrepo","artista"
"218","Miguel Ángel Rojas","curador-artista"
"219","Mariana Varela","artista"
"220","Gustavo Zalamea","artista"
"221","Willem De Kooning","artista"
"222","Sam Francis","artista"
"223","Ellworth Kelly","artista"
"224","Roy Lichtenstein","artista"
"225","Richard Lindner","artista"
"226","Robert Motherwell","artista"
"227","Louise Nevelson","artista"
"228","Henry Pearson","artista"
"229","Saul Steinberg","artista"
"230","Mauricio Lasansky","artista"
"231","Peter Milton","artista"
"232","Carol Summers","artista"
"233","Andy Warhol","artista"
"234","Robert Rauschenberg","artista"
"235","Jim Dine","artista"
"236","Robert Indiana","artista"
"237","John McLaughlin","artista"
"238","Alexander Calder","artista"
"239","Leonard Baskin","artista"
"240","Herbert Bayer","artista"
"241","Allan D'Arcangelo","artista"
"242","Milton Glaser","artista"
"243","John Paul Jones","artista"
"244","Kenjilo Nanao","artista"
"245","Robert Nelson","artista"
"246","Thom O'Connor","artista"
"247","Gabor Peterdi","artista"
"248","Charles Roth","artista"
"249","Edward Ruscha","artista"
"250","Masaaki Sato","artista"
"251","Ernest Trova","artista"
"252","William Weege","artista"
"253","Richard Claude Ziemann","artista"
"254","Rodolfo Abularach","artista"
"255","Beatriz Daza","artista"
"256","Emma Reyes","artista"
"257","Enrique Grau","artista"
"258","Manuel Hernández","artista"
"259","Álvaro Herrán","artista"
"260","Luciano Jaramillo","artista"
"261","Jonier Marín","artista"
"262","Fernando Maza","artista"
"263","Noé Nojechowicz","artista"
"264","Liliana Porter","artista"
"265","Delia Cugat","artista"
"266","Hugo Cifuentes","artista"
"267","Fernando de Szyszlo","artista"
"268","Emilio Sánchez","artista"
"269","Agustín Fernández","artista"
"270","Rubens Gerchman","artista"
"271","Óscar Pantoja","artista"
"272","Deborah Aguado","artista"
"273","Jeanette Ahlgren","artista"
"274","Stephen Albair","artista"
"275","Setephan Charles Allendort","artista"
"276","Helen Banes","artista"
"277","James Bennett","artista"
"278","Cathy Berse","artista"
"279","Melodie Beylik","artista"
"280","Joan Fraerman Binkley","artista"
"281","Richard Coble","artista"
"282","Leslie Correl","artista"
"283","Amy Davison","artista"
"284","Edward de Large","artista"
"285","Sherry De Leon","artista"
"286","Ellen Dimsdale","artista"
"287","Debby Doolittle","artista"
"288","Patti Dougherty","artista"
"289","Robert Edendort","artista"
"290","Claudia Ebling","artista"
"291","Gloria Elliot","artista"
"292","Phillip Fike","artista"
"293","Arline Fisch","artista"
"294","Pat Flynn","artista"
"295","Diane Flyr","artista"
"296","Andrew Garn","artista"
"297","Elizabeth Garrison","artista"
"298","Thomas Gentille","artista"
"299","Martha Glowacki","artista"
"300","Garry Griffin","artista"
"301","Laurie Hall","artista"
"302","Florise Herbez","artista"
"303","Ron Ho","artista"
"304","Carol Shannon Hsu","artista"
"305","Marry Lee Hu","artista"
"306","June Jasen","artista"
"307","Lynda Kahn","artista"
"308","Jeannse Keefer","artista"
"309","Susan Kingsley","artista"
"310","Judith Ubick","artista"
"311","Brent Kington","artista"
"312","Alice H. Klein","artista"
"313","Kathryn Klingensmith","artista"
"314","Gretchen Klunder-Raber","artista"
"315","Jeffrey Krolik","artista"
"316","Belle Kuhn","artista"
"317","Roger Kuhn","artista"
"318","David Laplantz","artista"
"319","Rebekah Laskin","artista"
"320","Betty Len Lau","artista"
"321","Van LeBus","artista"
"322","Stanley Lechtzin","artista"
"323","Marc David Levine","artista"
"324","Keith Alan Lewis","artista"
"325","Daniel Fleckenstein","artista"
"326","Ronald Lodes","artista"
"327","Susan Webster Lowry","artista"
"328","Linda McNeil","artista"
"329","Richard Mafong","artista"
"330","Thomas Mann","artista"
"331","Bruce Metcalf","artista"
"332","Robert Lee Morris","artista"
"333","Bob Natalini","artista"
"334","Ruth Nivola","artista"
"335","Brigid O´Hanrahan","artista"
"336","Candace Loheed","artista"
"337","Gene Pijanowski","artista"
"338","Hiroko Stato Pijanowski","artista"
"339","Boo Poulin","artista"
"340","Robin Quigley","artista"
"341","Debra Rapoport","artista"
"342","Irene Redd","artista"
"343","Ellen Reiben","artista"
"344","Ivy Ross","artista"
"345","Mary Ann Scherr","artista"
"346","Sydney Scherr","artista"
"347","Marjorie Schick","artista"
"348","Joyce Scott","artista"
"349","Sabara Segal","artista"
"350","Julie Shaw","artista"
"351","Helen Shirk","artista"
"352","Ramona Solberg","artista"
"353","Eric Hilton","artista"
"354","David Dowler","artista"
"355","Susan Tamulevich","artista"
"356","Alan Burton Thompson","artista"
"357","David Tisdale","artista"
"358","David Urso","artista"
"359","Andrée Van Nuys","artista"
"360","Joke Van Ommen","artista"
"361","Katherine Wesphal","artista"
"362","Fred Woell","artista"
"363","Kay Yee","artista"
"364","Sandra Parmer Zilker","artista"
"365","Karen Zorich","artista"
"366","Débora Arango","artista"
"367","Alicia Viteri","artista"
"368","Gerardo Aragón","artista"
"369","Mario Gordillo","artista"
"370","Consuelo Lago","artista"
"371","Enrique Sánchez","artista"
"372","Guillermo Wiedemann","artista"
"373","Andrés de Santa María","artista"
"374","Darío Jiménez","artista"
"375","Armando Morales","artista"
"376","José Gamarra","artista"
"377","Antonio Seguí","artista"
"378","Marta Minujín","artista"
"379","Daniel Senise","artista"
"380","Jesús Rafael Soto","artista"
"381","Olga de Amaral","artista"
"382","Feliza Bursztyn","artista"
"383","Édgar Negret","artista"
"384","Bernardo Salcedo","artista"
"385","Diego Arango","artista"
"386","Mario Ossaba","artista"
"387","Vivian Monsalve","artista"
"388","Ana Mercedes Hoyos","artista"
"389","Luis Caballero","artista"
"390","Efraim Martínez","artista"
"391","Hans Blohm","artista"
"392","Jan Bartelsman","artista"
"393","José Balmes","artista"
"394","Gracia Barrios","artista"
"395","Sammy Benmayor","artista"
"396","Roser Bru","artista"
"397","Eugenio Dittborn","artista"
"398","Patricia Israel","artista"
"399","Carlos Maturana","artista"
"400","Guillermo Núñez","artista"
"401","Rodolfo Opazo","artista"
"402","Benito Rojo","artista"
"403","Hernando Hoyos","artista"
"404","Álvaro Barrios","curador-artista"
"405","Herman Braun-Vega","artista"
"406","Chuck Close","artista"
"407","Hernán Díaz","artista"
"408","Fernell Franco","artista"
"409","Gómez Pulido","artista"
"410","Mónika Herrán","artista"
"411","Karen Lamassonne","artista"
"412","Alberto Lenis Burckhardt","artista"
"413","Arnulfo Luna","artista"
"414","Otto Moll González","artista"
"415","Refel Moure","artista"
"416","Silvia Patiño","artista"
"417","Johnny Rasmussen","artista"
"418","Melitón Rodríguez","artista"
"419","Mercedes Sebastián","artista"
"420","Fabio Serrano","artista"
"421","Carlos Collazo","artista"
"422","Jaime Romano","artista"
"423","Jaime Suárez","artista"
"424","Carlos Duque","artista"
"425","Danilo Dueñas","artista"
"426","Luis Fernando Roldán","artista"
"427","Carlos Salas Silva","artista"
"428","Santiago Uribe Holguín","artista"
"429","Luis Fernando Zapata","artista"
"430","Leo Matiz","artista"
"431","Leopoldo Richter","artista"
"432","Beatriz Ángel","artista"
"433","María Teresa Vieco","artista"
"434","Rafael Echeverri","artista"
"435","Consuelo Gómez","artista"
"436","Freddy Barbosa","artista"
"437","Sergio Bartelsman","artista"
"438","Miky Calero","artista"
"439","Adalberto  Ceballos","artista"
"440","Luis E. Cruz","artista"
"441","Frederic Chastro","artista"
"442","Jorge Echeverry","artista"
"443","Guillermo Franco","artista"
"444","Rosemarie Gleiser","artista"
"445","Jorge Hernan González","artista"
"446","Alvaro Hurtado","artista"
"447","Miguel Antonio Lozano","artista"
"448","Michael Meyer","artista"
"449","Iván Morales","artista"
"450","Hernando Ordóñez","artista"
"451","Carlos Pineda","artista"
"452","Clemencia Poveda","artista"
"453","Ángela María Ramirez","artista"
"454","Harold Orlando Rodriguez","artista"
"455","Víctor Rodriguez","artista"
"456","Fernando Salazar","artista"
"457","Gilma Suárez","artista"
"458","Catálina Toro","artista"
"459","Héctor Wiesner García","artista"
"460","Omaira Abadía","artista"
"461","Memo Bejarano","artista"
"462","Nicholás Buenaventura","artista"
"463","Óscar Campo","artista"
"464","Eduardo Carvajal","artista"
"465","Javier Humberto Cruz Góngora","artista"
"466","Guilles Charalambos","artista"
"467","José Antonio Dorado","artista"
"468","Victor Gaviria","artista"
"469","Diego León Hoyos","artista"
"470","Luis Fernando López","artista"
"471","Manuel Guerrero","artista"
"472","Diego Morales","artista"
"473","Isabel Moreno","artista"
"474","Oscar Salzar","artista"
"475","Cristina Llano","artista"
"476","Constanza Aguirre","artista"
"477","Roberto Páramo","artista"
"478","Diego Mazuera","artista"
"479","Jorge Álvaro","artista"
"480","Elizabeth Aro","artista"
"481","Eduardo Audivert","artista"
"482","Magdalena Beccarini","artista"
"483","Luis F. Benedit","artista"
"484","Ernesto Bertani","artista"
"485","Remo Bianchedi","artista"
"486","Mildred Burton","artista"
"487","Alicia Carletti","artista"
"488","Américo Castilla","artista"
"489","Guillermo Conte","artista"
"490","Jorge Demirjian","artista"
"491","Nora Dobarro","artista"
"492","Hernán Dompé","artista"
"493","Diana Dowek","artista"
"494","Ana Eckell","artista"
"495","Fernando Fazzolari","artista"
"496","María Finocchetti","artista"
"497","Eduardo Hoffmann","artista"
"498","Juan Lecuona","artista"
"499","Gustavo López Armentía","artista"
"500","Matilde Marín","artista"
"501","Eduardo Medici","artista"
"502","Miguel Melcon","artista"
"503","Esvaldo Monzo","artista"
"504","Luis F. Noé","artista"
"505","Pablo Obelar","artista"
"506","Margarita Paksa","artista"
"507","Yanz Poli","artista"
"508","Alejandro Puente","artista"
"509","Alfredo Prior","artista"
"510","Armando Rearte","artista"
"511","Juan Pablo Renzi","artista"
"512","Silvia Rivas","artista"
"513","Marino Santa María","artista"
"514","Marcia Schvartz","artista"
"515","Santiago Spinosa","artista"
"516","León Tenenbaum","artista"
"517","Clorindo Testa","artista"
"518","Luis Wells","artista"
"519","Daniel Zelaya","artista"
"520","Nadín Ospina","artista"
"521","Eduardo Ramírez Villamizar","artista"
"522","Hugo Zapata","artista"
"523","Ronny Vayda","artista"
"524","John Castles","artista"
"525","Rosemberg Sandoval","artista"
"526","Mónica Negret","artista"
"527","Lydia Azout","artista"
"528","Jorge Alberto Reyes","artista"
"529","Julián Aristizábal","artista"
"530","Marcelo Aguirre","artista"
"531","Cynthia Capriata","artista"
"532","Catalina Cardenas","artista"
"533","Isable de Obaldia","artista"
"534","Ignacio Espla","artista"
"535","Angeles Fabri","artista"
"536","Pilar Flores","artista"
"537","Jaime Iregui","artista"
"538","Jenny Jaramillo","artista"
"539","Víctor Laignelet","artista"
"540","Francisco Liu","artista"
"541","Luis Luna","artista"
"542","Patricia Mariaca","artista"
"543","Hernán Pazos","artista"
"544","Jaime Romero","artista"
"545","Carlos Salazar","artista"
"546","Ejti Stih","artista"
"547","Diego Sarmiento","artista"
"548","Eduardo Tokeshi","artista"
"549","Tabo Toral","artista"
"550","Leon Trujillo","artista"
"551","Gaston Ugalde","artista"
"552","Roberto Valcarcel","artista"
"553","Marcia Valladares","artista"
"554","Alejandro Vasquez","artista"
"555","Patricia Vega","artista"
"556","Bruno Zeppilli","artista"
"557","Carlos Zerpa","artista"
"558","Paige Abadi","artista"
"559","Germán Londoño","artista"
"560","Germán Botero","artista"
"561","Manuel Lago","artista"
"562","Jaime Sáenz","artista"
"563","Fernando Botero","artista"
"564","Francisco Javier Smythe","artista"
"565","Luis Fernando Peláez","artista"
"566","Nair Benedicto","artista"
"567","Mario Carvo Neto","artista"
"568","Hugo Denizart","artista"
"569","Carlos Fadon","artista"
"570","Luis Carlos Felizardo","artista"
"571","Juca Martins","artista"
"572","Miguel Rio Barco","artista"
"573","Antonio Saggese","artista"
"574","Evandro Teixeira","artista"
"575","Ruven Afanador","artista"
"576","María Cristina Cortés","artista"
"577","Ana María Rueda","artista"
"578","Bibiana Vélez","artista"
"579","José Horacio Martínez","curador-artista"
"580","Sergio Camporeale","artista"
"581","Pablo Van Wong","artista"
"582","Tina Celis","artista"
"583","Clinton Adams","artista"
"584","Joseph Almyda","artista"
"585","Wulf Barsch","artista"
"586","Billy Al Bengstons","artista"
"587","Tom Berg","artista"
"588","Larry Brown","artista"
"589","Louisa Chase","artista"
"590","Roy De Forest","artista"
"591","Robert Fichter","artista"
"592","Daniele Fuller","artista"
"593","Gail Gash","artista"
"594","Harmony Hammond","artista"
"595","David Hare","artista"
"596","James Havard","artista"
"597","Roberto Juárez","artista"
"598","Robert Kushner","artista"
"599","James McGarrell","artista"
"600","Dan Rizzie","artista"
"601","Frank Romero","artista"
"602","Italo Scanga","artista"
"603","Jaune Quick-To-See Smith","artista"
"604","Steven Sorman","artista"
"605","Cinda Sparling","artista"
"606","Gael Stack","artista"
"607","Robert Zakanitch","artista"
"608","Marite Zelt","artista"
"609","Susan Zimmerman","artista"
"610","Diego Rivera","artista"
"611","José Clemente Orozco","artista"
"612","Wifredo Lam","artista"
"613","René Portocarrero","artista"
"614","Roberto Sebastián Matta","artista"
"615","Antonio Berni","artista"
"616","Ruth Bessoudo Courvoisier","artista"
"617","Oswaldo Guayasamín","artista"
"618","Fernando Arias","artista"
"619","Martha Combariza","artista"
"620","María Dolores Garcés","artista"
"621","Juan Andrés Posada Jaramillo","artista"
"622","José Alejandro Restrepo","curador-artista"
"623","Doris Salcedo","artista"
"624","Elías Heim","curador-artista"
"625","Luis Chacón","artista"
"626","Jacobo Borges","artista"
"627","Corina Briceño","artista"
"628","Alexis Gorodine","artista"
"629","Édgar Sánchez","artista"
"630","Oswaldo Vivas","artista"
"631","Alirio Palacios","artista"
"632","Pedro Zapata","artista"
"633","Rolado Peña","artista"
"634","Mariano Rodríguez","artista"
"635","José Bermúdez","artista"
"636","Aldo Menéndez","artista"
"637","Joaquín Ferrer","artista"
"638","Moisés Finalé","artista"
"639","José Franco","artista"
"640","Isabel Gimeno","artista"
"641","Miguel Huertas","artista"
"642","Gina Pellón","artista"
"643","Nelson Villalobo","artista"
"644","Tonel","artista"
"645","Agustín Cárdenas","artista"
"646","Catalina Cárdenas","artista"
"647","Armin Tröger","artista"
"648","Luis Guillermo Botero","artista"
"649","Nancy Friedemann","artista"
"650","Rafael Panizza","artista"
"651","Rodolfo Vélez","artista"
"652","Fernando Martínez Sanabria","artista"
"653","Beatriz Duque","artista"
"654","Francisco Rodón","artista"
"655","Juan Antonio Roda","artista"
"656","Carlos Gómez","artista"
"657","Adalberto Jiménez","artista"
"658","Édgar Plata","artista"
"659","Mario Zabaleta","artista"
"660","Vicky Neumann","artista"
"661","Catalina Mejía","artista"
"662","Linda Troeller","artista"
"663","Rafael Alvarez Salas","artista"
"664","Arturo Arcila Uribe","artista"
"665","Rafael Borrero Vergara","artista"
"666","Francisco Ospina Bernal","artista"
"667","M. M. Mosquera","artista"
"668","G. A. Garrrido","artista"
"669","E. Goemann","artista"
"670","Francisco J. Jaramillo","artista"
"671","Mariluz Álvarez","artista"
"672","Patricia Bravo","artista"
"673","Adolfo Cifuentes","artista"
"674","María José Morales","artista"
"675","Ana Claudia Múnera","artista"
"676","Luis Ospina","artista"
"677","Gloria Posada","artista"
"678","Luis Rincón","artista"
"679","Víctor Robledo","artista"
"680","Luis Fernando Sepúlveda","artista"
"681","Alfonso Suárez","artista"
"682","Jim Amaral","artista"
"683","Marco Tobón Mejía","artista"
"684","Luis Núñez Borda","artista"
"685","Ricardo Borrero","artista"
"686","Jesús María Zamora","artista"
"687","Domingo Moreno Otero","artista"
"688","Alfonso Quijano Acero","artista"
"689","Augusto Rendón","artista"
"690","Miguel Böhmer","artista"
"691","María Teresa Cano","artista"
"692","María Fernanda Cardoso","artista"
"693","Rodrigo Facundo","artista"
"694","Carolina Franco","artista"
"695","Rafael Ortiz","artista"
"696","Eduardo Pradilla","artista"
"697","José Clemente Rodríguez","artista"
"698","Pablo O'higgins","artista"
"699","Jorge Julián Aristizábal","artista"
"700","Armando Londoño","artista"
"701","Carlos Jacanamijoy Tisoy","artista"
"702","Jorge Acero","artista"
"703","Wilson Díaz","curador-artista"
"704","John Edward González","artista"
"705","Bernado Salcedo","artista"
"706","Jonier Muñoz","artista"
"707","Miguel Bresciano","artista"
"708","Anselmo Carrera Rojas","artista"
"709","Lorenzo Jaramillo","artista"
"710","Luis Camnitzer","artista"
"711","Ronier Marín","artista"
"712","Santiago Martínez Delgado","artista"
"713","Boro","artista"
"714","Rolando Peña","artista"
"715","Augusto Rivera","artista"
"716","Juan Mejía","curador-artista"
"717","Leonel Galeano","artista"
"718","Mario Opazo","artista"
"719","Lucas Ospina","curador-artista"
"720","Miguel Ángel Reyes","artista"
"721","Jorge Julián Aristizabal","artista"
"722","Carlos Jacanamijoy","artista"
"723","Gaspard-Félix Tournachon","artista"
"724","Isabel Arroyo","artista"
"725","Janeth Blanco","artista"
"726","Astrid Campo","artista"
"727","María del Carmen Espinoza","artista"
"728","Fernando Hidalgo","artista"
"729","Juan David Medina","artista"
"730","Carlos Fernando Quintero","artista"
"731","Guillermo Marín","artista"
"732","Estrella Murillo","artista"
"733","Diego Pombo","artista"
"734","Martha Posso","artista"
"735","Albeiro Sarria","artista"
"736","Claudia Victoria","artista"
"737","Olga Silva","artista"
"738","Roddolfo Vélez","artista"
"739","Liliana Villegas","artista"
"740","Andrea Valencia","artista"
"741","César Alfaro Mosquera","artista"
"742","Carlos Andrade","artista"
"743","Carlos Blanco","artista"
"744","Johanna Calle","artista"
"745","Raúl Cristancho","artista"
"746","Jaime Franco","artista"
"747","Olga Lucia Garcia","artista"
"748","Luz Ángela Lizarazo","artista"
"749","Delcy Morelos","artista"
"750","Beltrán Obregón","artista"
"751","Gabriel Silva Rubio","artista"
"752","Fernando Uhía","artista"
"753","Esteban Villa","artista"
"754","María Menujin","artista"
"755","Alberto Arboleda","artista"
"756","Enrique Tábara","artista"
"757","Luis Molinari-Flores","artista"
"758","Gerardo Chávez","artista"
"759","Arturo Kubotta","artista"
"760","Julio Camino","artista"
"761","Tadeo Castro","artista"
"762","Eduardo Cervantes","artista"
"763","Alberto Baraya","artista"
"764","Juan Pablo Fajardo","curador-artista"
"765","Andrés Fresneda","curador-artista"
"766","Gina Lopez","artista"
"767","Ángel Reyes","artista"
"768","Miguel Bohmer","artista"
"769","Luis Fernando Escobar","artista"
"770","Guillermo Trujillo","artista"
"771","Luis Alberto Solari","artista"
"772","Edith Behring","artista"
"773","María Luisa Beer","artista"
"774","Luis Gregorio Correia","artista"
"775","León Ferrari","artista"
"776","Anna Nella Greiger","artista"
"777","Clarisse Gueller","artista"
"778","Ana Letycia Quadros","artista"
"779","Arthur Luiz Piza","artista"
"780","Luis Eduardo Mondragón","artista"
"781","Leonardo Herrera","curador-artista"
"782","Mónica de Llano","artista"
"783","Francisco Camacho","artista"
"784","Giovanni Vargas","artista"
"785","Carolina Caicedo","artista"
"786","Marcela Gómez","artista"
"787","Grupo Nómada","artista"
"788","Alejandra Gutiérrez","artista"
"789","Juliana Guevara","artista"
"790","Diana Lasso","artista"
"791","Juan Melo","artista"
"792","Manuel Romero","artista"
"793","Fernando Pertuz","artista"
"794","Yury Hernando Forero","artista"
"795","Juan Fernando Toro","artista"
"796","Fabio Melecio Palacios","artista"
"797","Nini Bautista","artista"
"798","Alfonso Castillo","artista"
"799","Angela Baena","artista"
"800","Mauricio Corradini","artista"
"801","Javier Morales","artista"
"802","Fernando Olivella","artista"
"803","Carlos Ortega","artista"
"804","Paul Arias Silvia","artista"
"805","Aceneiba Sanches","artista"
"806","Grupo Semefo","artista"
"807","Hernán Braum-Vega","artista"
"808","Antonio Frasconi","artista"
"809","Jaime González","artista"
"810","Alonso Quijano","artista"
"811","Paul-Armand Gette","artista"
"812","Ana María Millán","artista"
"813","Claudia Patricia Sarria","artista"
"814","Ruth Bessoudo","artista"
"815","Luis Solari","artista"
"816","Eleonora Carrington","artista"
"817","Lorenzo Homar","artista"
"818","Jorge Reyes","artista"
"819","Ana Velasco","artista"
"820","Christian de Portzamparc","artista"
"821","Horst Janssen","artista"
"822","Luis Eduardo Borja","artista"
"823","Jorge González","artista"
"824","Cluck Close","artista"
"825","Francisco Rodon","artista"
"826","Carlos Arturo Zuñiga","artista"
"827","Liliana Cabrera","artista"
"828","Silvie Boutiq","artista"
"829","Boris Pérez","artista"
"830","Boris Marlon Galvis","artista"
"831","Humberto Polar","artista"
"832","Los Lichis","artista"
"833","Gina Arizpe","artista"
"834","Marcela Quiroga","artista"
"835","Las Malas Amistades","artista"
"836","Yuri Forero","artista"
"837","Jairo Pinilla","artista"
"838","Gloria Duncan","artista"
"839","Ernesto Barreda","artista"
"840","Antonio Varela","artista"
"841","Lidya Azout","artista"
"842","Andréas Aas","artista"
"843","Adam Jorg","artista"
"844","Dominik Harborth","artista"
"845","Ron Arad","artista"
"846","Ronan","artista"
"847","Erwan Bouroullec","artista"
"848","Bass Pression","artista"
"849","Claudio Colucci","artista"
"850","Matali Crasset","artista"
"851","Delo Lindo","artista"
"852","Durlet","artista"
"853","evansandwong","artista"
"854","Roberto Rosario","artista"
"855","Adrien Gardère","artista"
"856","Kristian Gavoille","artista"
"857","Marti Guixé","artista"
"858","Richar Hutten","artista"
"859","Sophie Larger","artista"
"860","Monika Lipken","artista"
"861","Jasper Morrison","artista"
"862","NU","artista"
"863","Marc Newson","artista"
"864","Oliver Peyricot","artista"
"865","Prins Martjin","artista"
"866","Radi","artista"
"867","Pucci de Rossi","artista"
"868","Milan Simic","artista"
"869","Sismo","artista"
"870","Philippe Starck","artista"
"871","Alexis Tricoire","artista"
"872","Carlos Granada","artista"
"873","Ángel Loochkartt","artista"
"874","Hernán Darío Correa","artista"
"875","Alberto Soto","artista"
"876","Helio Salcedo","artista"
"877","Fernando Maldonado","artista"
"878","Luis Cabrera","artista"
"879","Leonilda González","artista"
"880","Eduardo Esparza","artista"
"881","Walter Tello","artista"
"882","Joseph Kosuth","artista"
"883","Tomas Reyes","artista"
"884","Marco Ospina","artista"
"885","Hernando del Villar","artista"
"886","María Clara Piñeyro","artista"
"887","Jean Gabriel Thénot","artista"
"888","Marta Lucía Villafañe","artista"
"889","Leitón Rodríguez","artista"
"890","Hilda Crovo","artista"
"891","Francisco De La Puente","artista"
"892","Adriana Pérez","artista"
"893","Proyecto Medusa","artista"
"894","Federico Guzmán","artista"
"895","Inés Gaitán","artista"
"896","3 Libras","artista"
"897","Liliana Díaz","artista"
"898","Nini Johana","artista"
"899","Pierre Pinoncelli","artista"
"900","Lin Jinghua","artista"
"901","Tang Desheng","artista"
"902","Zheng Yunfeg","artista"
"903","Jaime Cárdenas","artista"
"904","Jaime Ávila","artista"
"905","Wilmer García","artista"
"906","Juan Manuel Echavarría","artista"
"907","Francis Bacon","artista"
"908","Todd Ayoung","artista"
"909","François Dolmetsch","artista"
"910","Jean-Christoph Ballot","artista"
"911","Jerome Brézillon","artista"
"912","Thibaut Cuisset","artista"
"913","Marc Melki","artista"
"914","Patrick Messina","artista"
"915","Michel Séméniako","artista"
"916","Pascal Dolémieux","artista"
"917","Daniel Maigné","artista"
"918","Grégoire Korganow","artista"
"919","Mi-Hyun Kim","artista"
"920","Marie-Paule Négre","artista"
"921","Martine Voyeux","artista"
"922","Lalo Borja","artista"
"923","James Brown","artista"
"924","Al Held","artista"
"925","Ellsworth Kelly","artista"
"926","Man Ray","artista"
"927","Richard Ziemann","artista"
"928","Kim Manresa","artista"
"929","Flavio Garciandía","artista"
"930","Beatriz Grau","artista"
"931","Bernardo Ortiz","curador-artista"
"932","Ángela Villegas","artista"
"933","María Angélica Medina","artista"
"934","Arthur Tashko","artista"
"935","Epifanio Garay","artista"
"936","Ricardo Acevedo Bernal","artista"
"937","Francisco Antonio Cano","artista"
"938","Eladio Vélez","artista"
"939","Noé León","artista"
"940","Maurio Gómez","artista"
"941","Fredy Serna","artista"
"942","Raheel Bruns","artista"
"943","Érika Diettes","artista"
"944","Luis Eduardo Ricaurte","artista"
"945","Ana María Velasco","artista"
"946","Gerardo Ravassa","artista"
"947","Joe Delgado","artista"
"948","Felipe Arbeláez","artista"
"949","Eduardo Muñoz Bachs","artista"
"950","Diana Saldarriaga","artista"
"951","Santiago Harker","artista"
"952","Anna María Botero","artista"
"953","Mónica Calderón","artista"
"954","Laboratorio artístico Chocó","artista"
"955","David Morán","artista"
"956","Lilia Yepes","artista"
"957","Angélica Castro","artista"
"958","Sergio Andrés Zapata","artista"
"959","Humberto Junca","artista"
"960","Ámbar Aboharb","artista"
"961","Lotty Rosenfeld","artista"
"962","François Bucher","artista"
"963","Luis Molina-Pantin","artista"
"964","Mguel Ángel Rojas","artista"
"965","Juan Fernando Herrán","artista"
"966","José Leonilson","artista"
"967","Tino Sehgal","artista"
"968","Judi Werthein","artista"
"969","Kara Walker","artista"
"970","Jean-Marc Bustamante","artista"
"971","Nan Goldin","artista"
"972","Clarisse Hahn","artista"
"973","Cecile Hartmann","artista"
"974","Jean Luc Moulene","artista"
"975","Loan Nguyen","artista"
"976","Yuki Onodéra","artista"
"977","Giles Saussier","artista"
"978","Bruno Serralongue","artista"
"979","Nancy Wilson Pajic","artista"
"980","Jonathan Zabriskie","artista"
"981","Wilson Díaz & Juan Mejía","artista"
"982","Pierre Aletchinsky","artista"
"983","Penny Bennet","artista"
"984","Saúl Huerta","artista"
"985","Roberto Cabrera","artista"
"986","Ned Truss","artista"
"987","Antonio Eligio Fernandez","artista"
"988","Antonio Joseph","artista"
"989","Federico Cantu","artista"
"990","Francisco Bellorín","artista"
"991","Jorge Camacho","artista"
"992","Jose Luis Cuevas","artista"
"993","Juan Manuel Lugo","artista"
"994","Julio Silva","artista"
"995","Sefa Ferré","artista"
"996","Ofelia Rodríguez","artista"
"997","Adolfo Riestra","artista"
"998","Alfredo Zalce","artista"
"999","Ángel Ricardo","artista"
"1000","Ricardo Antonio Ruiz","artista"
"1001","Arturo García Bustos","artista"
"1002","Betsabé Romero","artista"
"1003","Boris Viskin","artista"
"1004","Carla Rippey","artista"
"1005","Cisco Jiménez","artista"
"1006","Dulce María Núñez","artista"
"1007","Fernando Casto Pacheco","artista"
"1008","Froylán Ruiz","artista"
"1009","Gabriel de la Mora","artista"
"1010","Gilberto Aceves Navarro","artista"
"1011","Graciela Iturbode","artista"
"1012","Héctor de Anda","artista"
"1013","Javier Arévalo","artista"
"1014","Javier de la Garza","artista"
"1015","Javier Marín","artista"
"1016","Jesús Urbieta","artista"
"1017","José Chavéz Morado","artista"
"1018","José Reyes Meza","artista"
"1019","Luis Carlos Barrios","artista"
"1020","Luis Nichizawa","artista"
"1021","Luis Ricaurte","curador-artista"
"1022","Maritza López","artista"
"1023","Mathías Goeritz","artista"
"1024","Miguel Castro Leñero","artista"
"1025","Nahúm B. Zenil","artista"
"1026","Nicolás Moreno","artista"
"1027","Pedro Rivera","artista"
"1028","Raúl Anguiano","artista"
"1029","Ricardo Martínez","artista"
"1030","Rina Lazo","artista"
"1031","Rodolfo Morales","artista"
"1032","Roger von Gunten","artista"
"1033","Santiago Rebolledo","artista"
"1034","Sebastián","artista"
"1035","Sergio Hernández","artista"
"1036","Susana Casarin","artista"
"1037","Tatiana Montoya","artista"
"1038","Tomás López Rocha Ulises Licea","artista"
"1039","Yolanda Andrade","artista"
"1040","Jennifer Allora","artista"
"1041","Guillermo Calzadilla","artista"
"1042","Yang Fudong","artista"
"1043","Rogelio Salmona","artista"
"1044","Coco Fusco","artista"
"1045","Liliana Angulo","artista"
"1046","Carlos Motta","artista"
"1047","Colectivo LTTR","artista"
"1048","Juan Guillermo Restrepo","artista"
"1049","Violeta Ospina","artista"
"1050","Nicolás Cadavid","artista"
"1051","Andrés Felipe Uribe","artista"
"1052","Juan Raúl Hoyos","artista"
"1053","Adriana Salazar","artista"
"1054","Colectivo Autoart","artista"
"1055","Alex Rodríguez","artista"
"1056","Andrea Rey","artista"
"1057","Santiago Leal","artista"
"1058","Paola Tafur","artista"
"1059","Ana María Villate","artista"
"1060","Edwin Monsalve","artista"
"1061","Precarius Tecnológicus","artista"
"1062","La virgen del milagro producciones","artista"
"1063","Camilo Restrepo","artista"
"1064","Dayro Carrasquilla","artista"
"1065","Carlos Castro","artista"
"1066","Ximena Díaz","artista"
"1067","Ernesto Recuero","artista"
"1068","Fernando Pareja & Leidy Chávez","artista"
"1069","Colectivo NN","artista"
"1070","Alejandra Rincón","artista"
"1071","Liliana Sánchez","artista"
"1072","Esteban Peña","artista"
"1073","Camila Echevarría & Michael Gavish","artista"
"1074","Nestor Gutiérrez","artista"
"1075","Carolina Ruiz","artista"
"1076","Adrián Gaitán","artista"
"1077","Alejandro Mancera","artista"
"1078","Sebastián Fierro","artista"
"1079","Mauricio Carmona","artista"
"1080","Santiago Escobar","artista"
"1081","Natalia Castañeda","artista"
"1082","Wilger Sotelo","artista"
"1083","Kevin Mancera","artista"
"1084","Andrea Acosta","artista"
"1085","Colectivo Producciones Invisibles","artista"
"1086","Óscar Castellanos","artista"
"1087","Óscar Leone","artista"
"1088","César Del Valle","artista"
"1089","Liliana Estrada","artista"
"1090","Nelson Guzmán","artista"
"1091","Diego Mendoza","artista"
"1092","Camilo Aguirre","artista"
"1093","William Bahos","artista"
"1094","Herlyng Ferla","curador-artista"
"1095","Edinson Quiñones","artista"
"1096","Kabaret Machine","artista"
"1097","Esteban López","artista"
"1098","Jorge R. Nuñez","artista"
"1099","Juan Pablo Marín","artista"
"1100","Mónica Restrepo","artista"
"1101","Juan Martín Rico","artista"
"1102","Rened Varona","artista"
"1103","Juan David Velásquez","artista"
"1104","Sergio Zapata","artista"
"1105","Future Farmers","artista"
"1106","Colectivo Incinerante","artista"
"1107","Amy Franceschini","artista"
"1108","Proyecto Dies","artista"
"1109","Charlie Dubbe","artista"
"1110","Leandra Plaza","artista"
"1111","Victor Albarracín","artista"
"1112","Iván Argote","artista"
"1113","Esteban Rivera","artista"
"1114","Matthieu Laurette","artista"
"1115","Nicolás Leguizamón","artista"
"1116","María Angélica Madero","artista"
"1117","Adriana Martínez","artista"
"1118","Mariana Murcia","artista"
"1119","María Paola Sánchez","artista"
"1120","Juan Peláez","artista"
"1121","Comando Libre S-II","artista"
"1122","Francisco Toquica","artista"
"1123","Guillermo Gómez Peña","artista"
"1124","Jaime Ávila Ferrer","artista"
"1125","Lorena Espitia","artista"
"1126","María Mercedes Salgado","artista"
"1127","Modern Mamboys","artista"
"1128","Paulo Licona","artista"
"1129","Cristiam Fajardo","artista"
"1130","Gustavo Niño","artista"
"1131","Orlando Rojas","artista"
"1132","Nirma Zárate","artista"
"1133","Umberto Giangrandi","artista"
"1134","Jorge Mora","artista"
"1135","Fabio Rodriguez Amaya","artista"
"1136","Rosario López","artista"
"1137","Vanessa Sandoval","artista"
"1138","Henry Salazar","artista"
"1139","Colectivo Sector Reforma","artista"
"1140","Inu Waters","artista"
"1141","Jim Pluk","artista"
"1142","Mateo Rivano","artista"
"1143","Powerpaola","artista"
"1144","Stinkfish","artista"
"1145","Typozon","artista"
"1146","Antonio Ungar","artista"
"1147","Antonio Yemail","artista"
"1148","Éricka Flórez","curador-artista"
"1149","Hernán Barón","artista"
"1150","Joni B","artista"
"1151","La Silueta","artista"
"1152","Laagencia","artista"
"1153","Luisa Ungar","artista"
"1154","María Isabel Rueda","artista"
"1155","Pablo Besse","artista"
"1156","Rubén Mendoza","artista"
"1157","Tatiana Acevedo","artista"
"1158","Tupac Cruz","artista"
"1159","Verónica Lehner","artista"
"1160","Breyner Huertas","curador-artista"
"1161","Carlos Tamayo","curador-artista"
"1162","Dayhana Muñoz","artista"
"1163","Hermann Yusty","curador-artista"
"1164","Irene Fuga","artista"
"1165","Jim Stoten","artista"
"1166","Nadia Granados","artista"
"1167","Samuel Bohórquez","artista"
"1168","Eduardo Motato","artista"
"1169","Natalia Correa","artista"
"1170","Dash/Lab","artista"
"1171","Alberto De Michele","artista"
"1172","Leonardo López","artista"
"1173","Camila Rodríguez","artista"
"1174","Juliano Ventura","artista"
"1175","Leonardo Amador","artista"
"1176","Lisseth Balcázar","artista"
"1177","Richard Bravo","artista"
"1178","Julien Creuzet","artista"
"1179","Nicolás González","artista"
"1180","Diego Hernández","artista"
"1181","William Narváez","artista"
"1182","Sandra Patricia Navia","artista"
"1183","Natalia Pipicano","artista"
"1184","Fredy Quinayas","artista"
"1185","Yeison Riascos","artista"
"1186","Juan Guillermo Tamayo","artista"
"1187","Iván Tovar","artista"
"1188","Sergio Vélez","artista"
"1189","Eyder Wilson Ul Ascue","artista"
"1190","Carlos Augusto Arcila Castillo","artista"
"1191","Mario Fernando Camargo Gómez","artista"
"1192","Santiago Osorio Medina","artista"
"1193","Arley Fernando Fernández Ortiz","artista"
"1194","Jennifer Peñaloza Dulcey","artista"
"1195","Laura Lucía Peña Escobar","artista"
"1196","Lizeth Fernanda Figueroa Cruz","artista"
"1197","Diana Cristina Flores Reina","artista"
"1198","Parménides Meneses Anganoy","artista"
"1199","Sergio Luis Cerón Muñoz","artista"
"1200","Martha Jamín Giraldo Castaño","artista"
"1201","Steven Andrés Ruiz Bello.","artista"
"1202","Luis Eduardo Tobón","artista"
"1203","Dash Shaw","artista"
"1204","Luis Echavarría","artista"
"1205","Rembrandt","artista"
"1206","Katia Maciel","artista"
"1207","André Parente","artista"
"1208","Adele Röder","artista"
"1209","Annette Kelm","artista"
"1210","Antje Majewski","artista"
"1211","Armin Linke","artista"
"1212","Clemens von Wedemeyer","artista"
"1213","Cyprien Gaillard","artista"
"1214","Danh Vo","artista"
"1215","Dani Gal","artista"
"1216","Henrik Olesen","artista"
"1217","Jutta Koether","artista"
"1218","Kerstin Brätsch","artista"
"1219","Mariana Castillo Deball","artista"
"1220","Nairy Baghramian","artista"
"1221","Nasan Tur","artista"
"1222","Nora Schultz","artista"
"1223","Yorgos Sapountzis","artista"
"1224","Alvaro Vanegas","artista"
"1225","Angélica María Ramírez","artista"
"1226","Camilo Aguilera","artista"
"1227","Carolina Ángel Idrobo","artista"
"1228","César Torres","artista"
"1229","Ela Spalding","artista"
"1230","Evelyn Soto Gabino","artista"
"1231","Trueba Arenas","artista"
"1232","Lina Sánchez Calderón","artista"
"1233","Lorena Marín","artista"
"1234","María Juliana Soto","artista"
"1235","Marilaura Cajar","artista"
"1236","Mauro Colombo","artista"
"1237","Melisa Saavedra Gil","artista"
"1238","Michelle Szejner","artista"
"1239","Miguel Tejada","artista"
"1240","Natalia Santa","artista"
"1241","Nathalie Spitia","artista"
"1242","Nestor Franco aka Bagual","artista"
"1243","Orgun Wagua","artista"
"1244","Oscar Narvaez","artista"
"1245","Patricia Verón","artista"
"1246","Sebastián Martínez","artista"
"1247","Stephanie López","artista"
"1248","Yolanda Chois","curador-artista"
"1249","Alberto Lezaca","artista"
"1250","Santiago Caicedo","artista"
"1251","Gustavo Toro","artista"
"1252","Carlos Mayolo","artista"
"1253","Oscar Muñoz","artista"
"1254","Jaime Soto","presentador"
"1255","Alfonso Bonilla Aragón","presentador"
"1256","Emma Alder de Gamboa","presentador"
"1257","Octavio Gamboa","presentador"
"1258","Enrique Buenaventura","presentador"
"1259","Gustavo Camargo","presentador"
"1260","Néstor Sanclemente","presentador"
"1261","Carlos Garcés Córdoba","presentador"
"1262","José María Capdevila","presentador"
"1263","Óscar Gerardo Ramos","presentador"
"1264","José María Vivas Balcázar","presentador"
"1265","Alba Inés Vivas","presentador"
"1266","Lucy Morales","presentador"
"1267","Nicolás Buenaventura","presentador"
"1268","Álvaro Navia Monedero","presentador"
"1269","Libardo Lozano G.","presentador"
"1270","Sacerdote Sendoya","presentador"
"1271","Juan Mathé","presentador"
"1272","Darío Ruíz Gómez","presentador"
"1273","Oscar Niemeyer","presentador"
"1274","Juan Carlos Botero","presentador"
"1275","Marc Berkowitz","curador"
"1276","Sergio Trujillo Jaramillo","curador"
"1277","Ed Love","curador"
"1278","Winston Kennedy","curador"
"1279","George Smiths","curador"
"1280","Willim Harris","curador"
"1281","Acklyn Lynch","curador"
"1282","Miguel González","curador"
"1283","Franz Bader","curador"
"1284","Darío Ruiz","curador"
"1285","Pablo Neruda","curador"
"1286","Bengt Oldenburg","curador"
"1287","Marta Traba","curador"
"1288","Germán Rubiano Caballero","curador"
"1289","Sylvan Cole","curador"
"1290","Waldemar Sommer","curador"
"1291","Intituto Smithsonian de EE.UU.","curador"
"1292","Alberto Sierra","curador"
"1293","Propal S.A.","curador"
"1294","María Elvira Iriarte","curador"
"1295","Carolina Ponce de León","curador"
"1296","Museo Nacional de Ciencia y Tecnología de Canadá","curador"
"1297","Alberto Pérez","curador"
"1298","Luis Ángel Parra","curador"
"1299","Alberto Quiroga","curador"
"1300","Pierre Courcelles","curador"
"1301","Eduardo Serrano","curador"
"1302","Jorge Glusberg","curador"
"1303","Santiago Samper Trainer","curador"
"1304","Francisco Ramírez Potes","curador"
"1305","Federico Morais","curador"
"1306","Galería de Francony de París","curador"
"1307","Instituto Tamarind de EE.UU.","curador"
"1308","Álvaro Medina","curador"
"1309","Galería Deimos de Bogotá","curador"
"1310","Carlos Botero","curador"
"1311","Pieter Bos","curador"
"1312","Ana Sokoloff","curador"
"1313","Bélgica Rodríguez","curador"
"1314","Gloria Delgado Restrepo","curador"
"1315","Talila Greenberg","curador"
"1316","Museo Nacional de Colombia","curador"
"1317","Monica Castillo","curador"
"1318","Carlos Jiménez","curador"
"1319","Soffy Arboleda de Vega","curador"
"1320","Jorge Jaramillo","curador"
"1321","Carlos Arturo Fernández","curador"
"1322","John Philips","curador"
"1323","José Roca","curador"
"1324","Ana María Lozano","curador"
"1325","Piedad Casas de Ballesteros","curador"
"1326","María Inés Rodríguez","curador"
"1327","Asociación Francesa de Acción Artística","curador"
"1328","Escuela Especial de Arquitectura/ESAP","curador"
"1329","Gerhnard Schack","curador"
"1330","María Margarita Jiménez","curador"
"1331","Doc Desing","curador"
"1332","Alberto Moreno","curador"
"1333","María Iovino","curador"
"1334","Cristo Hoyos","curador"
"1335","Javier Mejía","curador"
"1336","Diego L. Arango G.","curador"
"1337","Juan Alberto Gaviria","curador"
"1338","Jaime Tamayo","curador"
"1339","Carolina Vanegas","curador"
"1340","Germán García","curador"
"1341","German Patiño","curador"
"1342","Exposición realizada en el marco de PhotoCali 2007","curador"
"1343","Victoria Noorthoorn","curador"
"1344","Isabelle de Montfumat","curador"
"1345","Rafael Pérez y Pérez","curador"
"1346","Verónica Wiman","curador"
"1347","Ana Tiscornia","curador"
"1348","Fundación Rogelio Salmona","curador"
"1349","Carlos Betancourt","curador"
"1350","Juan Sebastián Ramírez","curador"
"1351","Guillermo Vanegas","curador"
"1352","María Wills","curador"
"1353","María Sol Barón","curador"
"1354","Camilo Ordóñez Robayo","curador"
"1355","Un Lugar de la Plastica","curador"
"1356","Carlos Quintero","curador"
"1357","Jenny Vilá","curador"
"1358","Elkin Calderón","curador"
"1359","Yohanna Roa","curador"
"1360","William Contreras Alfonso","curador"
"1361","Circular presents :Daniel Tejada & Sergio Zapata & David León & Adrián Gaitán","curador"
"1362","Alejandro Martín Maldonado","curador"
"1363","Riccardo Giacconi","curador"
"1364","Fiorella Gómez-Silva","curador"
"1365","Víctor Alcalde","curador"
"1366","Giancarlo Parodi","curador"
"1367","Andrés Casanova","curador"
"1368","Abraham Restrepo","curador"
"1369","Ángela Osorio","curador"
"1370","Laura Puerta","curador"
"1371","Rosa Perales Piqueres","curador"
"1372","María Fernanda Domínguez","curador"
"1373","José Ruiz","curador"
"1374","Nathalia Azuero","curador"
"1375","Andrés Pardo","curador"
"1376","Laura Jiménez","curador"
"1377","Juan Rodríguez Varón","curador"
"1378","Oscar Roldán-Alzate","curador"
"1379","Jaime Cerón","curador"
"1380","Angelika Stepken","curador"
"1381","Philipp Ziegler","curador"
"1382","Katia González","curador"
"1383","Maria Wills","curador"
